seasonId,disciplineId,year,url
1,1,2009,http://en.wikipedia.org/wiki/2009_Formula_One_season
2,1,2008,http://en.wikipedia.org/wiki/2008_Formula_One_season
3,1,2007,http://en.wikipedia.org/wiki/2007_Formula_One_season
4,1,2006,http://en.wikipedia.org/wiki/2006_Formula_One_season
5,1,2005,http://en.wikipedia.org/wiki/2005_Formula_One_season
6,1,2004,http://en.wikipedia.org/wiki/2004_Formula_One_season
7,1,2003,http://en.wikipedia.org/wiki/2003_Formula_One_season
8,1,2002,http://en.wikipedia.org/wiki/2002_Formula_One_season
9,1,2001,http://en.wikipedia.org/wiki/2001_Formula_One_season
10,1,2000,http://en.wikipedia.org/wiki/2000_Formula_One_season
11,1,1999,http://en.wikipedia.org/wiki/1999_Formula_One_season
12,1,1998,http://en.wikipedia.org/wiki/1998_Formula_One_season
13,1,1997,http://en.wikipedia.org/wiki/1997_Formula_One_season
14,1,1996,http://en.wikipedia.org/wiki/1996_Formula_One_season
15,1,1995,http://en.wikipedia.org/wiki/1995_Formula_One_season
16,1,1994,http://en.wikipedia.org/wiki/1994_Formula_One_season
17,1,1993,http://en.wikipedia.org/wiki/1993_Formula_One_season
18,1,1992,http://en.wikipedia.org/wiki/1992_Formula_One_season
19,1,1991,http://en.wikipedia.org/wiki/1991_Formula_One_season
20,1,1990,http://en.wikipedia.org/wiki/1990_Formula_One_season
21,1,2010,http://en.wikipedia.org/wiki/2010_Formula_One_season
22,1,1989,http://en.wikipedia.org/wiki/1989_Formula_One_season
23,1,1988,http://en.wikipedia.org/wiki/1988_Formula_One_season
24,1,1987,http://en.wikipedia.org/wiki/1987_Formula_One_season
25,1,1986,http://en.wikipedia.org/wiki/1986_Formula_One_season
26,1,1985,http://en.wikipedia.org/wiki/1985_Formula_One_season
27,1,1984,http://en.wikipedia.org/wiki/1984_Formula_One_season
28,1,1983,http://en.wikipedia.org/wiki/1983_Formula_One_season
29,1,1982,http://en.wikipedia.org/wiki/1982_Formula_One_season
30,1,1981,http://en.wikipedia.org/wiki/1981_Formula_One_season
31,1,1980,http://en.wikipedia.org/wiki/1980_Formula_One_season
32,1,1979,http://en.wikipedia.org/wiki/1979_Formula_One_season
33,1,1978,http://en.wikipedia.org/wiki/1978_Formula_One_season
34,1,1977,http://en.wikipedia.org/wiki/1977_Formula_One_season
35,1,1976,http://en.wikipedia.org/wiki/1976_Formula_One_season
36,1,1975,http://en.wikipedia.org/wiki/1975_Formula_One_season
37,1,1974,http://en.wikipedia.org/wiki/1974_Formula_One_season
38,1,1973,http://en.wikipedia.org/wiki/1973_Formula_One_season
39,1,1972,http://en.wikipedia.org/wiki/1972_Formula_One_season
40,1,1971,http://en.wikipedia.org/wiki/1971_Formula_One_season
41,1,1970,http://en.wikipedia.org/wiki/1970_Formula_One_season
42,1,1969,http://en.wikipedia.org/wiki/1969_Formula_One_season
43,1,1968,http://en.wikipedia.org/wiki/1968_Formula_One_season
44,1,1967,http://en.wikipedia.org/wiki/1967_Formula_One_season
45,1,1966,http://en.wikipedia.org/wiki/1966_Formula_One_season
46,1,1965,http://en.wikipedia.org/wiki/1965_Formula_One_season
47,1,1964,http://en.wikipedia.org/wiki/1964_Formula_One_season
48,1,1963,http://en.wikipedia.org/wiki/1963_Formula_One_season
49,1,1962,http://en.wikipedia.org/wiki/1962_Formula_One_season
50,1,1961,http://en.wikipedia.org/wiki/1961_Formula_One_season
51,1,1960,http://en.wikipedia.org/wiki/1960_Formula_One_season
52,1,1959,http://en.wikipedia.org/wiki/1959_Formula_One_season
53,1,1958,http://en.wikipedia.org/wiki/1958_Formula_One_season
54,1,1957,http://en.wikipedia.org/wiki/1957_Formula_One_season
55,1,1956,http://en.wikipedia.org/wiki/1956_Formula_One_season
56,1,1955,http://en.wikipedia.org/wiki/1955_Formula_One_season
57,1,1954,http://en.wikipedia.org/wiki/1954_Formula_One_season
58,1,1953,http://en.wikipedia.org/wiki/1953_Formula_One_season
59,1,1952,http://en.wikipedia.org/wiki/1952_Formula_One_season
60,1,1951,http://en.wikipedia.org/wiki/1951_Formula_One_season
61,1,1950,http://en.wikipedia.org/wiki/1950_Formula_One_season
62,1,2011,http://en.wikipedia.org/wiki/2011_Formula_One_season
63,1,2012,http://en.wikipedia.org/wiki/2012_Formula_One_season
64,1,2013,http://en.wikipedia.org/wiki/2013_Formula_One_season
65,1,2014,http://en.wikipedia.org/wiki/2014_Formula_One_season
66,1,2015,http://en.wikipedia.org/wiki/2015_Formula_One_season
67,1,2016,http://en.wikipedia.org/wiki/2016_Formula_One_season
68,1,2017,http://en.wikipedia.org/wiki/2017_Formula_One_season
69,1,2018,http://en.wikipedia.org/wiki/2018_Formula_One_World_Championship
70,1,2019,http://en.wikipedia.org/wiki/2019_Formula_One_World_Championship
71,1,2020,http://en.wikipedia.org/wiki/2020_Formula_One_World_Championship
72,1,2021,http://en.wikipedia.org/wiki/2021_Formula_One_World_Championship
73,1,2022,http://en.wikipedia.org/wiki/2022_Formula_One_World_Championship
74,1,2023,https://en.wikipedia.org/wiki/2023_Formula_One_World_Championship
